{"branches": 2.4861878453038675, "coverage": 21.110433190970106}