{"branches": 2.209944751381215, "coverage": 13.239780353874314}